City_ID,City,Cloudiness,Country,Date,Humidity,Lat,Lng,Max Temp,Wind Speed
0,Butaritari,0,KI,1582083532,77,3.07,172.79,83.79,18.5
1,Paita,1,PE,1582083532,67,-5.09,-81.11,78.08,9.75
2,Castro,100,BR,1582083532,98,-24.79,-50.01,66.45,2.46
3,Ribeira Grande,33,PT,1582083532,87,38.52,-28.7,56.17,13.89
4,Harwich,0,GB,1582083201,77,51.94,1.28,39.99,14.99
5,Mar del Plata,0,AR,1582083516,93,-38.0,-57.56,61.0,2.24
6,Luena,100,AO,1582083533,96,-11.78,19.92,64.13,3.06
7,Salalah,0,OM,1582083368,84,17.02,54.09,62.94,1.32
8,Ushuaia,75,AR,1582083373,87,-54.8,-68.3,46.4,25.28
9,Soyo,78,AO,1582083533,87,-6.13,12.37,79.54,1.97
10,Ahipara,0,NZ,1582083534,94,-35.17,173.17,75.99,1.01
11,Luganville,75,VU,1582083534,79,-15.53,167.17,84.2,12.75
12,Puerto Ayora,3,EC,1582083534,84,-0.74,-90.35,77.59,8.48
13,Guerrero Negro,100,MX,1582083535,82,27.98,-114.06,61.3,10.8
14,Norman Wells,75,CA,1582083535,70,65.28,-126.83,-2.2,5.82
15,Albany,90,US,1582083296,86,42.6,-73.97,37.99,8.14
16,Timra,87,SE,1582083535,92,62.49,17.33,28.99,2.24
17,Punta Arenas,75,CL,1582083457,70,-53.15,-70.92,46.4,20.8
18,Ashcroft,5,CA,1582083536,76,50.72,-121.29,32.0,6.93
19,Rikitea,3,PF,1582083536,78,-23.12,-134.97,79.11,14.67
20,Port Elizabeth,46,ZA,1582083536,88,-33.92,25.57,66.2,9.17
21,Cap Malheureux,40,MU,1582083537,69,-19.98,57.61,78.8,9.17
22,Chalus,40,IR,1582083537,87,36.66,51.42,42.8,4.7
23,Nikolskoye,40,RU,1582083537,80,59.7,30.79,39.2,11.18
24,Thompson,5,CA,1582083537,69,55.74,-97.86,-11.2,9.17
25,Brae,94,GB,1582083537,77,60.4,-1.35,41.0,2.24
26,Zhigansk,100,RU,1582083538,96,66.77,123.37,-15.81,12.57
27,Usinsk,100,RU,1582083538,98,65.99,57.53,33.01,15.73
28,Safaga,0,EG,1582083538,45,26.73,33.94,62.6,5.82
29,Thinadhoo,0,MV,1582083538,81,0.53,72.93,82.36,14.74
30,Hobart,75,AU,1582083383,47,-42.88,147.33,66.0,21.92
31,Osa,100,RU,1582083539,98,57.28,55.46,33.22,12.26
32,Ulaangom,100,MN,1582083539,98,49.98,92.07,-5.26,2.51
33,San Patricio,0,MX,1582083539,78,19.22,-104.7,75.7,2.98
34,Tuatapere,99,NZ,1582083539,70,-46.13,167.68,62.01,15.99
35,Torit,33,SS,1582083540,51,4.41,32.57,80.31,3.38
36,Barrow,90,US,1582083540,77,71.29,-156.79,-2.2,23.04
37,Avarua,100,CK,1582083540,78,-21.21,-159.78,82.4,10.29
38,Torbay,20,CA,1582083313,72,47.67,-52.73,15.01,12.75
39,Olafsvik,56,IS,1582083541,71,64.89,-23.71,32.09,11.27
40,Port Blair,40,IN,1582083541,80,11.67,92.75,80.17,15.26
41,Hualmay,100,PE,1582083541,77,-11.1,-77.61,72.52,4.34
42,Dingle,76,PH,1582083541,79,11.0,122.67,77.58,18.86
43,Tiksi,100,RU,1582083542,86,71.69,128.87,-4.54,7.74
44,Sao Filipe,100,CV,1582083542,42,14.9,-24.5,78.64,16.89
45,Oranjemund,2,NA,1582083543,86,-28.55,16.43,63.93,2.24
46,Mnogovershinnyy,65,RU,1582083543,84,53.94,139.92,9.37,3.91
47,Flinders,75,AU,1582083527,38,-34.58,150.86,82.99,17.22
48,Cherskiy,100,RU,1582083544,96,68.75,161.3,-20.79,5.37
49,Havre-Saint-Pierre,90,CA,1582083544,72,50.23,-63.6,17.6,11.41
50,North Bend,1,US,1582083544,81,43.41,-124.22,44.6,6.93
51,Coquimbo,0,CL,1582083422,82,-29.95,-71.34,60.8,5.82
52,Mahon,0,ES,1582083545,81,39.89,4.27,46.4,6.93
53,Waipawa,47,NZ,1582083545,73,-41.41,175.52,69.8,21.92
54,Pevek,100,RU,1582083546,99,69.7,170.31,-23.06,4.34
55,Monrovia,0,LR,1582083544,87,6.3,-10.8,79.74,3.51
56,Mataura,83,NZ,1582083546,70,-46.19,168.86,62.01,15.99
57,George Town,20,MY,1582083395,66,5.41,100.34,86.0,3.36
58,Jamestown,90,US,1582083452,86,42.1,-79.24,35.01,9.17
59,Cape Town,0,ZA,1582083485,82,-33.93,18.42,69.01,10.29
60,Hermanus,0,ZA,1582083547,88,-34.42,19.23,68.0,7.0
61,East London,90,ZA,1582083548,100,-33.02,27.91,64.4,4.7
62,General Pico,0,AR,1582083548,22,-35.66,-63.76,64.62,4.21
63,Ucluelet,0,CA,1582083339,79,48.93,-125.55,34.66,3.83
64,Bluff,0,NZ,1582083549,70,-46.6,168.33,62.01,15.99
65,Kaitangata,90,NZ,1582083549,53,-46.28,169.85,66.0,15.01
66,Pisco,90,PE,1582083550,73,-13.7,-76.22,77.0,9.17
67,Qaanaaq,69,GL,1582083550,65,77.48,-69.36,-12.77,6.87
68,Loandjili,54,CG,1582083550,88,-4.76,11.86,79.32,2.73
69,Mezica,75,SI,1582083551,93,46.52,14.85,41.0,1.12
70,Busselton,0,AU,1582083231,19,-33.65,115.33,90.0,4.32
71,Vaini,40,TO,1582083552,74,-21.2,-175.2,80.6,8.05
72,Airai,39,TL,1582083552,70,-8.93,125.41,79.61,4.45
73,Hinton,0,CA,1582083552,86,53.4,-117.59,14.4,6.67
74,Porto-Novo,40,BJ,1582083553,83,6.5,2.6,84.2,5.82
75,Iqaluit,5,CA,1582083553,66,63.75,-68.51,-31.0,3.36
76,New Norfolk,75,AU,1582083553,47,-42.78,147.06,66.0,21.92
77,Chui,22,UY,1582083554,79,-33.7,-53.46,67.46,8.75
78,Batocina,75,RS,1582083554,100,44.15,21.08,41.0,4.43
79,Upernavik,100,GL,1582083555,96,72.79,-56.15,-7.47,7.16
80,Bethanien,2,NA,1582083555,59,-26.5,17.16,74.07,6.67
81,Atuona,68,PF,1582083555,80,-9.8,-139.03,81.81,19.77
82,Ketchikan,40,US,1582083555,74,55.34,-131.65,41.0,18.34
83,Okhotsk,10,RU,1582083556,75,59.38,143.3,1.96,8.86
84,Mehamn,100,NO,1582083556,83,71.04,27.85,18.81,13.49
85,Port Alfred,23,ZA,1582083556,85,-33.59,26.89,69.58,20.31
86,Ponta Delgada,75,PT,1582083556,87,37.73,-25.67,59.0,9.17
87,Mahebourg,40,MU,1582083557,69,-20.41,57.7,78.8,9.17
88,Lebu,0,CL,1582083557,72,-37.62,-73.65,58.24,9.93
89,Hilo,1,US,1582083434,54,19.73,-155.09,78.8,6.93
90,Tete,40,MZ,1582083558,100,-16.16,33.59,75.2,3.0
91,Camopi,30,GF,1582083558,98,3.17,-52.32,70.05,3.42
92,Diego de Almagro,31,CL,1582083558,57,-26.37,-70.05,63.34,1.1
93,Talara,37,PE,1582083558,89,-4.58,-81.27,75.16,11.97
94,Berlevag,100,NO,1582083559,74,70.86,29.09,24.39,19.55
95,Cidreira,99,BR,1582083353,84,-30.18,-50.21,76.68,10.58
96,Longyearbyen,40,SJ,1582083359,100,78.22,15.64,-15.77,2.3
97,Carnarvon,100,AU,1582083560,74,-24.87,113.63,82.4,12.75
98,Chokurdakh,98,RU,1582083560,97,70.63,147.92,-5.24,9.91
99,Fort Morgan,1,US,1582083269,62,40.25,-103.8,28.4,8.28
100,Tomatlan,0,MX,1582083560,83,19.93,-105.25,68.56,1.32
101,Sur,0,OM,1582083561,53,22.57,59.53,64.83,1.14
102,Challapata,56,BO,1582083561,69,-18.9,-66.77,53.64,12.28
103,Lufilufi,90,WS,1582083561,83,-13.87,-171.6,82.4,9.17
104,Constitucion,0,CL,1582083333,68,-35.33,-72.42,59.4,6.8
105,Goroka,100,PG,1582083562,57,-6.08,145.39,75.22,1.92
106,Victor Harbor,75,AU,1582083562,40,-35.57,138.62,72.0,23.04
107,Faanui,100,PF,1582083563,75,-16.48,-151.75,82.85,12.53
108,Cabo San Lucas,5,MX,1582083304,53,22.89,-109.91,71.6,8.05
109,Dikson,100,RU,1582083563,88,73.51,80.55,16.41,38.14
110,Nalut,0,LY,1582083563,52,30.33,10.85,46.51,7.07
111,Beringovskiy,96,RU,1582083564,83,63.05,179.32,-8.05,17.16
112,Kasongo-Lunda,100,CD,1582083564,98,-6.47,16.82,67.86,0.43
113,Yar-Sale,62,RU,1582083564,91,66.83,70.83,22.64,14.16
114,Ostrovnoy,99,RU,1582083565,98,68.05,39.51,14.31,4.05
115,Ancud,6,CL,1582083565,87,-41.87,-73.82,48.2,5.82
116,Hamilton,1,US,1582083565,74,39.18,-84.53,37.4,9.17
117,Hithadhoo,19,MV,1582083566,79,-0.6,73.08,82.81,13.62
118,Chicama,75,PE,1582083566,88,-7.84,-79.15,71.6,5.82
119,Clyde River,1,CA,1582083566,74,70.47,-68.59,-27.4,3.36
120,Lobatse,40,BW,1582083567,68,-25.22,25.67,69.8,10.29
121,Namatanai,100,PG,1582083567,81,-3.67,152.43,80.55,6.58
122,Beloha,82,MG,1582083567,85,-25.17,45.05,74.26,2.26
123,Auki,26,SB,1582083567,78,-8.77,160.7,83.86,18.12
124,Huarmey,100,PE,1582083568,74,-10.07,-78.15,73.31,3.83
125,Tukrah,100,LY,1582083568,73,32.53,20.58,57.07,13.71
126,Nanortalik,100,GL,1582083568,59,60.14,-45.24,22.84,37.18
127,Aklavik,75,CA,1582083568,72,68.22,-135.01,12.2,5.82
128,Mossamedes,100,AO,1582083569,71,-15.2,12.15,74.52,10.74
129,Aljezur,0,PT,1582083569,75,37.32,-8.8,51.01,8.01
130,Tarko-Sale,100,RU,1582083569,90,64.92,77.78,21.99,16.69
131,Kurilsk,100,RU,1582083569,85,45.23,147.88,26.94,7.18
132,Bethel,90,US,1582083366,100,41.37,-73.41,43.0,4.59
133,Cayenne,75,GF,1582083570,78,4.93,-52.33,78.8,8.05
134,Champerico,45,GT,1582083570,76,14.3,-91.92,75.9,3.65
135,College,1,US,1582083571,92,64.86,-147.8,21.0,1.83
136,Laguna,1,US,1582083571,43,38.42,-121.42,55.99,3.42
137,Buala,29,SB,1582083571,77,-8.14,159.59,84.13,8.86
138,Korla,100,CN,1582083572,88,41.76,86.15,27.0,3.09
139,Yellowknife,75,CA,1582083572,76,62.46,-114.35,-9.0,10.29
140,Santiago de Cao,75,PE,1582083572,88,-7.96,-79.24,71.6,5.82
141,Alofi,40,NU,1582083573,69,-19.06,-169.92,82.4,8.05
142,Zapopan,5,MX,1582083559,33,20.72,-103.4,77.0,5.82
143,Bredasdorp,86,ZA,1582083573,82,-34.53,20.04,68.0,10.29
144,Male,40,MV,1582083573,74,4.17,73.51,82.4,16.11
145,Itarema,100,BR,1582083574,92,-2.92,-39.92,75.74,2.91
146,Moron,0,AR,1582083482,64,-34.65,-58.62,71.6,3.36
147,Tuktoyaktuk,75,CA,1582083574,76,69.45,-133.04,-4.0,12.75
148,Provideniya,40,RU,1582083574,65,64.38,-173.3,8.6,13.42
149,Kruisfontein,5,ZA,1582083575,94,-34.0,24.73,62.26,6.64
150,Henties Bay,100,NA,1582083575,90,-22.12,14.28,64.0,1.52
151,Babol,20,IR,1582083559,100,36.55,52.68,37.4,4.7
152,Kondopoga,100,RU,1582083576,86,62.21,34.26,37.4,15.66
153,Udachny,2,RU,1582083576,84,66.42,112.4,5.0,6.71
154,Ponta do Sol,40,PT,1582083576,62,32.67,-17.1,59.0,16.11
155,Kapaa,40,US,1582083577,78,22.08,-159.32,78.8,23.04
156,Zyryanovsk,100,KZ,1582083577,93,49.74,84.27,12.52,6.06
157,Grand Gaube,40,MU,1582083577,69,-20.01,57.66,78.8,9.17
158,Puerto Penasco,0,MX,1582083577,81,31.32,-113.53,63.0,3.0
159,Sharjah,9,AE,1582083577,87,25.36,55.4,66.2,2.24
160,Hervey Bay,75,AU,1582083578,55,-25.3,152.85,91.0,10.29
161,Eyl,96,SO,1582083578,78,7.98,49.82,78.48,17.25
162,Harindanga,0,IN,1582083578,94,22.04,88.32,68.0,2.24
163,Sabinopolis,40,BR,1582083327,98,-18.67,-43.08,64.78,2.08
164,Aykhal,78,RU,1582083579,84,66.0,111.5,5.0,6.71
165,Aboisso,39,CI,1582083579,91,5.47,-3.21,76.84,2.08
166,Beni Mazar,21,EG,1582083579,75,28.5,30.8,49.51,5.06
167,Boende,100,CD,1582083579,97,-0.22,20.87,68.81,2.1
168,Kodiak,1,US,1582083580,55,57.79,-152.41,33.8,10.29
169,Revda,90,RU,1582083580,80,56.8,59.93,33.8,8.95
170,Meghri,28,AM,1582083580,80,38.9,46.24,23.14,6.53
171,Vila Velha,40,BR,1582083581,88,-20.33,-40.29,78.8,3.36
172,Kirakira,42,SB,1582083581,83,-10.45,161.92,81.36,6.89
173,Andenes,100,NO,1582083581,54,69.31,16.12,28.99,18.34
174,Canatlan,5,MX,1582083582,22,24.52,-104.78,69.8,11.41
175,Severo-Kuril'sk,100,RU,1582083582,85,50.68,156.12,20.57,5.35
176,Shenzhen,6,CN,1582083440,48,22.55,114.07,66.99,6.71
177,Taltal,13,CL,1582083583,89,-25.4,-70.48,61.05,2.1
178,Khatanga,0,RU,1582083583,89,71.97,102.5,-8.57,7.74
179,Broken Hill,0,AU,1582083583,36,-31.95,141.43,75.2,17.22
180,Gashua,76,NG,1582083583,29,12.87,11.05,63.48,9.35
181,Vestmannaeyjar,100,IS,1582083583,46,63.44,-20.27,37.85,9.91
182,Bambous Virieux,40,MU,1582083584,69,-20.34,57.76,78.8,9.17
183,Bandarbeyla,63,SO,1582083584,79,9.49,50.81,76.98,11.34
184,Fortuna,1,US,1582083584,87,40.6,-124.16,45.0,5.82
185,Mocuba,100,MZ,1582083584,96,-16.84,36.99,71.55,2.95
186,Makueni Boma,59,KE,1582083585,94,-1.8,37.62,65.89,2.17
187,Balkanabat,2,TM,1582083585,54,39.51,54.37,36.75,23.22
188,Maumere,53,ID,1582083585,76,-8.62,122.21,82.92,9.69
189,Vardo,100,NO,1582083585,75,70.37,31.11,24.57,20.36
190,Vao,6,NC,1582083586,73,-22.67,167.48,79.2,10.8
191,Nago,90,JP,1582083586,45,26.59,127.98,64.4,10.29
192,Muriti,20,TZ,1582083586,83,-1.98,32.92,69.8,11.99
193,Tetela de Ocampo,0,MX,1582083586,57,19.82,-97.8,56.8,4.03
194,Arifwala,100,PK,1582083587,17,30.29,73.07,64.38,6.73
195,El Carmen,22,CO,1582083587,70,8.51,-73.45,74.46,9.24
196,Vostok,99,RU,1582083587,86,46.49,135.88,13.82,5.37
197,Saskylakh,0,RU,1582083587,86,71.92,114.08,-9.87,7.29
198,Tasiilaq,100,GL,1582083588,79,65.61,-37.64,23.0,19.46
199,Kainantu,100,PG,1582083588,41,-6.29,145.87,79.14,1.97
200,Prince Rupert,1,CA,1582083588,74,54.32,-130.32,35.6,4.7
201,Taoudenni,99,ML,1582083588,14,22.68,-3.98,69.01,12.03
202,Kathu,20,TH,1582083588,55,7.92,98.33,86.0,19.46
203,Horasan,95,TR,1582083589,98,40.05,42.17,9.77,0.72
204,Luderitz,51,NA,1582083589,97,-26.65,15.16,63.14,11.9
205,Port-Gentil,72,GA,1582083589,78,-0.72,8.78,81.97,5.23
206,Noumea,75,NC,1582083367,55,-22.28,166.46,87.8,13.87
207,Safford,1,US,1582083590,50,32.83,-109.71,57.0,6.93
208,Baker City,1,US,1582083590,68,44.77,-117.83,27.0,4.7
209,Novikovo,100,RU,1582083590,97,51.15,37.89,33.53,6.69
210,Viedma,36,AR,1582083391,30,-40.81,-63.0,70.93,17.02
211,Wanning,100,CN,1582083590,84,18.8,110.4,69.85,9.95
212,Arraial do Cabo,76,BR,1582083132,88,-22.97,-42.03,77.0,13.87
213,Santander,0,ES,1582083591,81,43.46,-3.8,46.99,10.29
214,Saint Anthony,1,US,1582083591,60,45.02,-93.22,10.99,10.29
215,Haines Junction,72,CA,1582083592,92,60.75,-137.51,18.32,9.4
216,Yangi Marg`ilon,75,UZ,1582083592,79,40.43,71.72,30.2,3.38
217,Avanuorri,75,NO,1582083592,67,71.0,24.66,21.2,17.22
218,Lata,0,PT,1582083592,100,40.16,-8.33,48.99,1.12
219,Cacoal,100,BR,1582083593,93,-11.44,-61.45,76.41,2.98
220,Saint-Louis,29,SN,1582083593,10,16.33,-15.0,78.42,10.76
221,Balkhash,100,KZ,1582083593,91,46.84,74.98,3.2,6.71
222,Hong Kong,20,HK,1582083398,42,22.29,114.16,66.99,9.17
223,Elliot,80,ZA,1582083593,98,-31.33,27.85,56.98,1.66
224,Kaifeng,100,CN,1582083594,43,34.79,114.35,50.0,2.24
225,Mayumba,22,GA,1582083594,85,-3.43,10.66,81.39,5.77
226,Guatire,96,VE,1582083594,100,10.48,-66.54,77.0,14.99
227,Seoul,1,KR,1582083562,47,37.57,126.98,39.2,4.7
228,Governador Valadares,0,BR,1582083491,86,-18.85,-41.95,70.0,4.61
229,Aku,70,NG,1582083595,83,6.71,7.32,80.6,2.24
230,Kroya,97,ID,1582083595,64,-7.63,109.25,86.0,1.66
231,Padang,18,ID,1582083595,66,-0.95,100.35,79.27,3.62
232,Shergarh,93,IN,1582083596,65,28.65,79.35,58.57,5.19
233,Cochrane,20,CA,1582083420,78,51.18,-114.47,14.0,5.82
234,Kendal,16,GB,1582083596,100,54.33,-2.75,41.0,11.99
235,Shelburne,90,CA,1582083596,63,44.08,-80.2,32.0,14.99
236,Marzuq,0,YE,1582083597,50,14.4,46.47,59.45,0.36
237,Pittsburg,1,US,1582083597,37,38.03,-121.88,55.99,5.82
238,Richards Bay,100,ZA,1582083597,88,-28.78,32.04,76.06,23.35
239,Vestmanna,90,FO,1582083598,93,62.16,-7.17,35.6,6.93
240,Husavik,20,IS,1582083598,92,66.04,-17.34,24.8,11.68
241,Pangody,100,RU,1582083598,95,65.85,74.49,25.03,12.46
242,Iquitos,75,PE,1582083310,94,-3.75,-73.25,75.2,2.24
243,Geraldton,100,AU,1582083599,36,-28.77,114.6,91.4,14.99
244,Labuhan,100,ID,1582083599,83,-6.88,112.21,80.55,4.81
245,Lolodorf,28,CM,1582083599,97,3.23,10.73,70.97,0.09
246,Ardesen,0,TR,1582083600,93,41.19,40.99,39.2,9.42
247,Bani,27,DO,1582083575,82,18.28,-70.33,75.99,5.01
248,Okha,86,RU,1582083600,90,53.57,142.95,5.43,8.68
249,Inhambane,6,MZ,1582083600,83,-23.86,35.38,79.29,7.96
250,Ranfurly,0,NZ,1582083600,62,-45.13,170.1,70.0,4.0
251,Fairbanks,1,US,1582083525,92,64.84,-147.72,21.0,2.62
252,Kudahuvadhoo,35,MV,1582083601,73,2.67,72.89,82.38,17.9
253,Naze,75,JP,1582083601,48,28.37,129.48,62.6,4.7
254,Gwadar,100,PK,1582083601,53,25.12,62.33,74.93,6.2
255,Port Shepstone,100,ZA,1582083602,94,-30.74,30.45,66.83,4.79
256,Woodward,1,US,1582083602,47,36.43,-99.39,34.0,5.82
257,Mount Isa,40,AU,1582083602,33,-20.73,139.5,100.4,10.29
258,Souillac,40,MU,1582083603,69,-20.52,57.52,78.8,9.17
259,Lompoc,20,US,1582083603,87,34.64,-120.46,55.0,10.04
260,Ouahigouya,0,BF,1582083603,16,13.58,-2.42,72.91,10.49
261,Mount Gambier,90,AU,1582083356,63,-37.83,140.77,64.4,18.34
262,Wasilla,90,US,1582083604,100,61.58,-149.44,32.0,2.68
263,Butembo,21,CD,1582083604,94,0.15,29.28,60.85,4.47
264,Port Lincoln,100,AU,1582083605,61,-34.73,135.87,62.15,13.27
265,Klaksvik,94,FO,1582083605,93,62.23,-6.59,35.6,6.93
266,Waxahachie,100,US,1582083605,54,32.39,-96.85,54.0,12.75
267,Abdanan,100,IR,1582083605,69,32.99,47.42,50.34,3.78
268,Rome,90,US,1582083533,69,43.21,-75.46,39.2,13.87
269,Nabire,100,ID,1582083606,90,-3.37,135.48,79.29,3.38
270,Sfantu Gheorghe,100,RO,1582083606,81,45.87,25.78,39.99,1.99
271,Sebring,1,US,1582083606,83,27.5,-81.44,75.2,10.29
272,Nyrany,90,CZ,1582083606,65,49.71,13.21,41.0,10.29
273,Marawi,37,PH,1582083607,79,8.0,124.29,81.0,7.0
274,Monterey,1,US,1582083570,76,36.25,-121.25,57.0,4.7
275,Jinotega,100,NI,1582083607,91,13.09,-86.0,66.16,7.45
276,Hasaki,75,JP,1582083607,46,35.73,140.83,55.0,4.7
277,Ken Caryl,75,US,1582083608,68,39.58,-105.12,30.2,5.82
278,Jumla,3,NP,1582083608,20,29.27,82.18,42.42,1.57
279,Saint-Philippe,1,RE,1582083608,73,-21.36,55.77,77.0,5.82
280,Dungarpur,100,IN,1582083608,21,23.83,73.72,69.71,1.7
281,Vanavara,100,RU,1582083608,94,60.34,102.28,10.92,4.68
282,Shellbrook,5,CA,1582083609,63,53.22,-106.4,-9.4,4.7
283,Laksham,0,BD,1582083609,43,23.25,91.14,73.71,4.85
284,Narsaq,59,GL,1582083610,56,60.92,-46.05,12.2,3.36
285,Whyalla,75,AU,1582083610,49,-33.03,137.58,69.8,17.22
286,Meulaboh,91,ID,1582083611,79,4.14,96.13,81.23,2.62
287,Zaykovo,100,RU,1582083611,89,57.56,62.76,32.63,10.56
288,Pangnirtung,100,CA,1582083611,98,66.15,-65.71,-29.18,1.68
289,Ulladulla,75,AU,1582083612,38,-35.35,150.47,75.99,17.22
290,Rosarno,20,IT,1582083612,81,38.48,15.98,55.4,4.7
291,Esperance,100,AU,1582083612,43,-33.87,121.9,73.4,11.41
292,Wuning,13,CN,1582083613,51,29.26,120.23,51.01,3.0
293,Pljevlja,98,ME,1582083613,80,43.33,19.33,35.6,1.12
294,Kloulklubed,75,PW,1582083613,74,7.04,134.26,82.4,18.34
295,Carnduff,0,CA,1582083613,79,49.17,-101.8,-11.0,3.0
296,Staraya Poltavka,90,RU,1582083614,96,50.48,46.48,32.49,14.94
297,Bloomfield,90,US,1582083614,93,40.81,-74.19,46.0,4.5
298,Kumul,100,CN,1582083614,52,42.8,93.45,25.03,6.78
299,Nicoya,1,CR,1582083614,54,10.15,-85.45,84.2,26.4
300,Samarkand,40,UZ,1582083615,85,39.65,66.96,24.8,16.11
301,Iskateley,90,RU,1582083615,92,67.68,53.15,21.88,11.9
302,Lashma,100,RU,1582083615,97,54.93,41.14,35.17,6.17
303,Mataram,40,ID,1582083586,74,-8.58,116.12,86.0,2.24
304,Astoria,1,US,1582083616,70,46.19,-123.83,43.0,11.41
305,Brownwood,1,US,1582083616,61,31.71,-98.99,50.0,9.17
306,Prieska,23,ZA,1582083617,71,-29.66,22.75,69.66,13.06
307,West Plains,1,US,1582083617,74,36.73,-91.85,37.0,4.7
308,Praia,74,CV,1582083522,38,14.92,-23.51,77.0,18.34
309,Jega,0,NG,1582083617,17,12.22,4.38,70.2,13.71
310,Christchurch,0,NZ,1582083609,64,-43.53,172.63,77.0,13.87
311,Norsup,75,VU,1582083618,79,-16.07,167.38,84.2,12.75
312,Deniliquin,0,AU,1582083618,33,-35.53,144.97,74.62,16.98
313,Dalvik,20,IS,1582083619,92,65.97,-18.53,24.8,7.23
314,Bengkulu,1,ID,1582083545,61,-3.8,102.27,87.35,1.03
315,Sao Joao da Barra,0,BR,1582083619,86,-21.64,-41.05,77.92,17.72
316,Leningradskiy,45,RU,1582083619,94,69.38,178.42,-18.92,17.25
317,Rawlins,1,US,1582083619,60,41.79,-107.24,15.8,5.82
318,Gamba,5,GA,1582083620,89,-2.65,10.0,77.34,3.42
319,Lowestoft,7,GB,1582083620,86,52.48,1.75,39.0,16.11
320,Marsh Harbour,73,BS,1582083620,81,26.54,-77.06,75.25,15.66
321,Rio Gallegos,100,AR,1582083620,61,-51.62,-69.22,48.2,34.45
322,Ilulissat,100,GL,1582083621,70,69.22,-51.1,1.4,6.93
323,Zyryanka,90,RU,1582083621,91,65.75,150.85,-5.55,0.49
324,Kirkwall,100,GB,1582083621,86,58.98,-2.96,41.0,21.92
325,Seybaplaya,75,MX,1582083622,62,19.65,-90.67,84.2,17.22
326,Qaqortoq,32,GL,1582083622,56,60.72,-46.03,12.2,3.36
327,Karaton,40,ID,1582083623,88,-6.34,106.1,80.6,8.05
328,Asau,75,RO,1582083623,86,46.43,26.4,43.0,3.36
329,Comodoro Rivadavia,100,AR,1582083623,31,-45.87,-67.5,64.4,13.87
330,Mackay,75,AU,1582083623,66,-21.15,149.2,89.6,13.87
331,Sovetskiy,15,RU,1582083624,92,61.36,63.58,25.52,9.24
332,Port Hardy,5,CA,1582083624,89,50.7,-127.42,37.4,3.36
333,Srednekolymsk,96,RU,1582083624,97,67.45,153.68,-10.16,5.23
334,Kabalo,84,CD,1582083624,97,-6.05,26.92,67.89,1.54
335,Budisov nad Budisovkou,67,CZ,1582083625,69,49.8,17.63,39.99,11.41
336,Rocha,59,UY,1582083625,90,-34.48,-54.33,65.19,6.55
337,Somerset East,0,ZA,1582083625,92,-32.72,25.59,58.75,4.5
338,Sawakin,0,SD,1582083626,85,19.11,37.33,74.77,9.73
339,Samagaltay,93,RU,1582083626,95,50.6,95.0,-8.64,2.51
340,Miepherkeim,75,TR,1582083626,100,38.14,41.01,41.0,2.24
341,Belmonte,40,BR,1582083626,83,-15.86,-38.88,78.8,5.82
342,Awjilah,0,LY,1582083627,71,29.11,21.29,51.78,8.32
343,Carutapera,100,BR,1582083627,83,-1.2,-46.02,81.14,18.21
344,Cabra,90,ES,1582083627,93,37.47,-4.44,55.0,1.12
345,Teseney,0,ER,1582083628,68,15.11,36.66,67.48,5.7
346,Adre,94,TD,1582083628,27,13.47,22.2,65.43,12.26
347,Hun,0,LY,1582083628,70,29.13,15.95,50.72,2.93
348,Sisimiut,100,GL,1582083628,98,66.94,-53.67,-0.09,3.38
349,Poum,0,NC,1582083629,79,-20.23,164.02,80.58,20.58
350,Pachino,0,IT,1582083629,93,36.72,15.09,48.0,3.36
351,Nelson Bay,3,AU,1582083629,33,-32.72,152.15,90.0,18.34
352,Bassila,0,BJ,1582083630,19,9.01,1.67,72.41,5.14
353,Mahanoro,100,MG,1582083630,84,-19.9,48.8,78.4,4.12
354,Matara,2,LK,1582083630,67,5.95,80.54,77.95,4.59
355,Meleuz,100,RU,1582083631,89,52.97,55.92,28.87,15.48
356,Katherine,50,AU,1582083631,52,-14.47,132.27,91.4,8.05
357,Lishu,0,CN,1582083631,54,43.3,124.33,25.77,4.76
358,Neuquen,0,AR,1582083631,48,-38.95,-68.06,66.2,5.82
359,Sambava,14,MG,1582083632,97,-14.27,50.17,71.96,2.71
360,Ugoofaaru,3,MV,1582083632,75,5.67,73.0,81.43,14.79
361,Myaundzha,100,RU,1582083632,83,63.05,147.19,-3.77,3.33
362,Makakilo City,75,US,1582083632,69,21.35,-158.09,80.6,10.29
363,Bo Rai,36,TH,1582083633,51,12.57,102.54,91.0,13.87
364,Monsenhor Gil,20,BR,1582083633,94,-5.56,-42.61,77.0,2.24
365,Hambantota,5,LK,1582083633,94,6.12,81.12,71.6,4.7
366,Kulhudhuffushi,2,MV,1582083633,71,6.62,73.07,81.79,12.66
367,Stettler,0,CA,1582083634,83,52.32,-112.72,-0.99,4.0
368,Nosy Varika,99,MG,1582083634,91,-20.58,48.53,76.03,3.29
369,Saint George,1,US,1582083350,33,37.1,-113.58,46.99,4.7
370,Duminichi,100,RU,1582083634,95,53.93,35.11,35.29,8.1
371,Honiara,20,SB,1582083385,63,-9.43,159.95,91.4,14.99
372,Gombong,97,ID,1582083635,64,-7.61,109.51,86.0,1.66
373,Voh,0,NC,1582083636,76,-20.97,164.7,81.19,13.56
374,Nong Khai,20,TH,1582083636,53,17.88,102.74,75.2,2.24
375,Karangampel,97,ID,1582083636,71,-6.46,108.45,84.15,9.24
376,Ames,40,US,1582083542,79,42.03,-93.62,28.4,14.99
377,Darnah,100,LY,1582083637,70,32.77,22.64,58.19,16.64
378,Isangel,75,VU,1582083637,62,-19.55,169.27,87.8,9.17
379,Hongjiang,94,CN,1582083637,65,27.11,110.0,49.8,1.66
380,Bogatyye Saby,100,RU,1582083638,97,56.01,50.45,31.39,12.01
381,Trairi,100,BR,1582083638,92,-3.28,-39.27,74.68,1.23
382,Asosa,0,ET,1582083638,17,10.07,34.53,71.69,7.07
383,Gizo,1,SB,1582083639,79,-8.1,156.84,80.98,13.35
384,Vadso,93,NO,1582083639,85,70.07,29.75,19.4,9.17
385,Qui Nhon,10,VN,1582083639,71,13.77,109.23,76.28,8.7
386,Nador,90,MA,1582083491,82,35.17,-2.93,60.8,9.17
387,Salym,100,RU,1582083639,92,60.06,71.48,30.33,9.17
388,Camacha,75,PT,1582083640,67,33.08,-16.33,59.0,17.22
389,Tocopilla,0,CL,1582083640,57,-22.09,-70.2,64.29,0.4
390,Wad Medani,0,SD,1582083640,21,14.4,33.52,67.95,9.57
391,Sobolevo,36,RU,1582083640,92,54.43,31.9,33.17,9.84
392,Shancheng,100,CN,1582083640,43,34.8,116.08,55.0,8.34
393,Bilibino,13,RU,1582083641,97,68.05,166.44,-25.64,2.01
394,Lagoa,18,PT,1582083641,75,39.05,-27.98,60.19,18.68
395,Iranshahr,100,IR,1582083641,37,27.2,60.68,55.4,4.7
396,Nioro,0,GM,1582083641,32,13.35,-15.75,70.74,3.96
397,Acapulco de Juarez,5,MX,1582083428,61,16.86,-99.89,80.6,5.82
398,Lorengau,54,PG,1582083642,78,-2.02,147.27,83.55,16.4
399,Colares,0,PT,1582083642,71,38.8,-9.45,50.0,9.17
400,Nizhneangarsk,9,RU,1582083642,57,55.78,109.55,6.73,2.26
401,Nouakchott,28,MR,1582083643,13,18.09,-15.98,73.4,10.29
402,Jieshi,0,CN,1582083643,51,22.81,115.83,62.01,7.34
403,Koungheul,0,SN,1582083643,10,13.98,-14.8,74.93,5.39
404,Sitka,75,US,1582083179,79,57.05,-135.33,42.8,13.87
405,Lingao,43,CN,1582083644,82,19.91,109.69,68.02,14.72
406,Dubbo,40,AU,1582083644,38,-32.25,148.62,75.2,16.11
407,Maralal,0,KE,1582083644,85,1.1,36.7,63.25,7.58
408,Waitati,100,NZ,1582083645,68,-45.75,170.57,64.0,3.78
409,Anage,21,BR,1582083645,91,-14.61,-41.14,67.91,2.53
410,Sibolga,18,ID,1582083645,57,1.74,98.78,84.36,2.95
411,Safi,79,MA,1582083645,94,32.3,-9.24,54.59,12.41
412,Copaceni,100,RO,1582083646,86,45.0,23.98,43.32,4.61
413,Gobabis,100,NA,1582083646,74,-22.45,18.97,70.25,7.63
414,San Rafael,0,AR,1582083430,35,-34.62,-68.33,69.8,10.74
415,Goundam,33,ML,1582083646,15,16.41,-3.67,70.47,7.83
416,Svetlogorsk,67,BY,1582083646,88,52.63,29.73,36.14,10.54
417,Sijunjung,65,ID,1582083647,85,-0.69,100.95,76.01,2.08
418,Tangjiazhuang,0,CN,1582083647,54,39.73,118.45,40.1,11.52
419,OEstersund,100,SE,1582083647,86,63.18,14.64,34.0,8.05
420,Kemi,90,FI,1582083647,92,65.74,24.56,28.4,13.87
421,Qandala,0,SO,1582083648,76,11.47,49.87,73.26,2.91
422,Olinda,90,BR,1582083648,83,-8.01,-34.86,78.8,1.12
423,Skibbereen,75,IE,1582083648,86,51.55,-9.27,39.2,9.17
424,Aparecida do Taboado,100,BR,1582083615,88,-20.09,-51.09,74.57,3.06
425,Malanje,98,AO,1582083648,96,-9.54,16.34,66.2,3.11
426,Jalu,0,LY,1582083649,71,29.03,21.55,51.78,8.32
427,Onega,99,RU,1582083649,88,63.91,38.14,34.07,10.42
428,Baturaja,100,ID,1582083649,71,-4.13,104.17,82.09,6.55
429,Pundaguitan,93,PH,1582083650,78,6.37,126.17,79.47,9.17
430,Katsuura,75,JP,1582083650,37,35.13,140.3,55.0,9.17
431,Atar,68,MR,1582083650,14,20.52,-13.05,70.57,10.6
432,Pangoa,100,PE,1582083651,93,-12.12,-73.0,69.49,2.1
433,Saiha,0,IN,1582083651,32,22.48,92.97,72.19,1.43
434,Ambunti,65,PG,1582083651,72,-4.24,142.84,87.22,2.82
435,Najran,2,SA,1582083652,42,17.49,44.13,62.6,0.89
436,Iberia,1,US,1582083652,100,29.95,-91.75,71.6,3.18
437,Tiznit,97,MA,1582083652,38,29.58,-9.5,59.83,1.05
438,Montana,100,BG,1582083652,72,43.41,23.23,45.75,5.1
439,Houma,90,US,1582083355,100,29.6,-90.72,73.4,4.68
440,Chapais,90,CA,1582083653,92,49.78,-74.85,12.2,3.36
441,Sikasso,0,ML,1582083653,13,10.92,-7.0,68.41,2.1
442,Nome,90,US,1582083654,85,64.5,-165.41,25.0,14.99
443,Mindelo,40,CV,1582083654,88,16.89,-24.98,69.8,26.4
444,Romny,0,UA,1582083654,92,50.75,33.47,34.45,7.43
445,Hay River,75,CA,1582083654,70,60.82,-115.8,-0.4,8.05
446,Shar,100,KZ,1582083654,76,49.59,81.05,18.88,14.72
447,Catherinas Lust,67,GY,1582083655,76,6.4,-57.6,79.81,22.91
448,Vanderhoof,11,CA,1582083521,93,54.02,-124.02,18.84,2.93
449,Vredendal,0,ZA,1582083655,55,-31.67,18.5,70.3,4.47
450,Sampit,65,ID,1582083656,54,-2.53,112.95,88.84,3.6
451,Praia da Vitoria,75,PT,1582083656,93,38.73,-27.07,55.4,13.69
452,San Policarpo,29,PH,1582083656,84,12.18,125.51,78.01,18.84
453,Itaituba,80,BR,1582083657,89,-4.28,-55.98,74.82,0.25
454,Elizabeth City,40,US,1582083657,93,36.29,-76.25,59.0,8.46
455,Umea,47,SE,1582083657,86,63.83,20.26,30.2,5.82
456,Floro,78,NO,1582083559,82,61.6,5.03,37.99,12.75
457,Agen,90,FR,1582083658,93,44.2,0.63,42.01,5.82
458,Anloga,20,GH,1582083658,88,5.79,0.9,82.4,8.05
459,Hobyo,34,SO,1582083658,83,5.35,48.53,75.87,11.05
460,Salta,75,AR,1582083658,93,-24.79,-65.41,66.2,1.5
461,Namie,75,JP,1582083658,60,37.48,141.0,50.0,14.99
462,San Quintin,53,MX,1582083659,83,30.48,-115.95,57.43,5.77
463,Mergen,0,CN,1582083659,74,49.18,125.22,14.25,7.9
464,Mandali,100,IQ,1582083660,56,33.75,45.55,62.69,2.19
465,Kiunga,81,PG,1582083660,54,-6.12,141.29,91.53,4.63
466,Gaza,75,PS,1582083582,82,31.5,34.47,57.2,3.36
467,Port Moresby,40,PG,1582083660,59,-9.44,147.18,93.2,17.22
468,Qasigiannguit,100,GL,1582083661,70,68.82,-51.19,1.4,6.93
469,Mananjary,100,MG,1582083661,81,-21.22,48.33,79.05,9.22
470,Concepcion del Uruguay,0,AR,1582083661,81,-32.48,-58.24,64.99,5.44
471,Gusau,0,NG,1582083661,21,12.16,6.66,66.6,13.96
472,Belawan,40,ID,1582083662,83,3.78,98.68,82.0,4.7
473,Sechura,0,PE,1582083662,84,-5.56,-80.82,74.28,9.13
474,Gerash,100,IR,1582083662,87,27.67,54.14,46.4,1.7
475,Dunedin,100,NZ,1582083561,69,-45.87,170.5,64.0,3.78
476,Caravelas,21,BR,1582083662,83,-17.71,-39.25,80.4,12.8
477,Cacu,99,BR,1582083663,88,-18.56,-51.13,73.24,3.4
478,Turaif,40,SA,1582083663,100,31.67,38.66,48.2,9.17
479,Avera,90,US,1582083664,88,33.19,-82.53,62.6,4.7
480,Sinjai,77,ID,1582083664,67,-5.12,120.25,83.08,3.04
481,Wundanyi,26,KE,1582083664,93,-3.4,38.36,69.71,0.49
482,Solon,90,US,1582083665,74,41.39,-81.44,34.0,6.93
483,Lavrentiya,100,RU,1582083665,80,65.58,-171.0,-4.83,6.69
484,Amazar,49,RU,1582083665,82,53.86,120.88,11.17,2.15
485,Tazovsky,100,RU,1582083391,91,67.47,78.7,18.37,18.81
486,Neiafu,40,TO,1582083665,65,-18.65,-173.98,82.4,5.82
487,Ambilobe,73,MG,1582083666,96,-13.2,49.05,75.63,1.41
488,Naron,90,ES,1582083666,100,43.52,-8.15,42.01,5.82
489,Port Hedland,1,AU,1582083666,41,-20.32,118.57,95.0,10.29
490,Churapcha,100,RU,1582083667,92,62.0,132.43,-13.49,3.87
491,Nyakabindi,0,TZ,1582083667,85,-2.63,33.98,62.92,3.13
492,Manaus,37,BR,1582083667,83,-3.1,-60.02,82.4,4.7
493,Sigli,14,ID,1582083668,75,5.38,95.96,81.59,14.25
494,Kavieng,53,PG,1582083668,74,-2.57,150.8,84.04,9.64
495,Santa Cruz del Sur,1,CU,1582083668,76,20.71,-78.0,80.01,16.35
496,Beaumont,1,US,1582083669,100,30.09,-94.1,73.0,2.42
497,Balabac,27,PH,1582083669,70,7.99,117.06,82.8,18.92
498,West Mifflin,90,US,1582083636,65,40.36,-79.87,42.01,9.17
499,Mikuni,75,JP,1582083670,42,36.22,136.15,48.2,3.36
500,Rawson,100,AR,1582083652,41,-43.3,-65.1,67.71,26.13
501,Ust-Nera,100,RU,1582083670,97,64.57,143.2,-13.29,3.06
502,Saint-Joseph,0,RE,1582083670,73,-21.37,55.62,77.0,5.82
503,Zamora,76,EC,1582083670,99,-4.07,-78.96,56.95,2.26
504,Bonthe,0,SL,1582083671,87,7.53,-12.51,78.31,4.0
505,Ulaanbaatar,0,MN,1582083502,77,47.91,106.88,3.2,2.24
506,Grindavik,40,IS,1582083671,92,63.84,-22.43,28.4,10.29
507,Hanzhong,0,CN,1582083671,39,33.07,107.03,51.67,3.24
508,Saint-Pierre,0,RE,1582083672,73,-21.34,55.48,77.0,5.82
509,Khandagayty,100,RU,1582083672,98,50.73,92.05,-5.66,1.83
510,Kamaishi,75,JP,1582083672,60,39.27,141.88,39.2,13.87
511,Saint-Augustin,67,CA,1582083672,88,51.23,-58.65,11.91,9.46
512,Nishihara,75,JP,1582083673,48,26.18,127.76,64.4,11.41
513,Cairns,86,AU,1582083405,66,-16.92,145.77,89.6,9.17
514,Scarborough,0,GB,1582083673,80,54.28,-0.4,39.99,18.34
515,Tsimmerbude,75,RU,1582083673,80,54.67,20.13,39.2,11.18
516,Dresden,100,DE,1582083674,75,51.05,13.74,42.01,13.87
517,Porto Uniao,100,BR,1582083674,97,-26.24,-51.08,64.33,0.76
518,Oranjestad,40,AW,1582083674,88,12.52,-70.03,78.8,18.34
519,Wamba,92,NG,1582083377,18,8.93,8.6,74.28,3.78
520,Bariloche,75,AR,1582083380,66,-41.15,-71.31,53.6,16.11
521,Chara,1,RU,1582083675,74,56.91,118.26,-6.83,1.19
522,Terrace,20,CA,1582083615,92,54.52,-128.6,28.99,1.14
523,Belyy Yar,22,RU,1582083676,73,53.6,91.39,19.4,13.42
524,Popondetta,78,PG,1582083676,60,-8.75,148.25,87.26,4.5
525,Kununurra,66,AU,1582083676,49,-15.77,128.73,93.2,6.93
526,Saldanha,0,ZA,1582083676,64,-33.01,17.94,69.8,1.12
527,Cerro Azul,0,MX,1582083677,95,21.2,-97.73,69.75,4.56
528,Khiri Mat,20,TH,1582083677,50,16.83,99.8,86.0,3.36
529,Dyersburg,90,US,1582083677,80,36.03,-89.39,42.8,9.17
530,Kandrian,82,PG,1582083677,64,-6.22,149.55,85.32,12.68
531,Sistranda,20,NO,1582083678,93,63.73,8.83,35.6,10.29
532,Teguldet,100,RU,1582083678,90,57.31,88.17,16.68,13.78
533,Talnakh,40,RU,1582083678,85,69.49,88.4,12.2,33.55
534,Priargunsk,0,RU,1582083678,81,50.37,119.1,4.26,2.42
535,Alice Springs,0,AU,1582083609,15,-23.7,133.88,86.0,13.87
536,Cabedelo,40,BR,1582083679,88,-6.98,-34.83,78.8,4.7
537,Vozhega,99,RU,1582083679,97,60.47,40.22,33.84,10.38
538,Ust-Kuyga,99,RU,1582083679,97,70.02,135.6,-11.74,9.04
539,Calama,15,CL,1582083680,45,-22.47,-68.93,62.6,4.7
540,Lovozero,100,RU,1582083680,92,68.0,35.01,16.25,5.57
541,Juneau,75,US,1582083680,86,58.3,-134.42,39.2,8.05
